{
  "sidebar": [
    {
      "text": "Main Navigation",
      "heading": "true",
      "translate": "sidebar.heading.HEADER"
    },
    {
      "text": "Dashboard",
      "href": "#dashboard",
      "icon": "icon-speedometer",
      "alert": "3" ,
      "label": "label label-info",
      "submenu": [
        {"text": "Dashboard v1", "href": "dashboard.html"},
        {"text": "Dashboard v2", "href": "dashboard_v2.html" },
        {"text": "Dashboard v3", "href": "dashboard_v3.html" }
      ],
      "translate": "sidebar.nav.DASHBOARD"
    },
    {
      "text": "Widgets",
      "href": "widgets.html",
      "icon": "icon-grid",
      "alert": "30",
      "translate": "sidebar.nav.WIDGETS"
    },
    {
      "text": "Layouts",
      "href": "#layout",
      "icon": "icon-layers",
      "submenu": [
        {"text": "Horizontal", "href": "dashboard_h.html"}
      ]
    },
    {
      "text": "Components",
      "heading": "true",
      "translate": "sidebar.heading.COMPONENTS"
    },
    {
      "text": "Elements",
      "href": "#elements",
      "icon": "icon-chemistry",
      "submenu": [
        {"text": "Buttons",       "href": "buttons.html", "translate": "sidebar.nav.element.BUTTON" },
        {"text": "Notifications", "href": "notifications.html", "translate": "sidebar.nav.element.NOTIFICATION" },
        {"text": "Sweet Alert",   "href": "sweetalert.html" },
        {"text": "Tour",          "href": "tour.html" },
        {"text": "Carousel",      "href": "carousel.html", "translate": "sidebar.nav.element.INTERACTION" },
        {"text": "Spinners",      "href": "spinners.html", "translate": "sidebar.nav.element.SPINNER" },
        {"text": "Animations",    "href": "animations.html", "translate": "sidebar.nav.element.ANIMATION" },
        {"text": "Dropdown",      "href": "dropdown-animations.html", "translate": "sidebar.nav.element.DROPDOWN" },
        {"text": "Nestable",      "href": "nestable.html"},
        {"text": "Sortable",      "href": "sortable.html"},
        {"text": "Panels",        "href": "panels.html", "translate": "sidebar.nav.element.PANEL" },
        {"text": "Portlets",      "href": "portlets.html", "translate": "sidebar.nav.element.PORTLET" },
        {"text": "Grid",          "href": "grid.html", "translate": "sidebar.nav.element.GRID" },
        {"text": "Grid Masonry",  "href": "grid-masonry.html", "translate": "sidebar.nav.element.GRID_MASONRY" },
        {"text": "Typography",    "href": "typo.html", "translate": "sidebar.nav.element.TYPO" },
        {"text": "Font Icons",    "href": "icons-font.html", "alert": "+400", "translate": "sidebar.nav.element.FONT_ICON"  },
        {"text": "Weather Icons", "href": "icons-weather.html", "alert": "+100", "translate": "sidebar.nav.element.WEATHER_ICON" },
        {"text": "Colors",        "href": "colors.html", "translate": "sidebar.nav.element.COLOR" }
      ],
      "translate": "sidebar.nav.element.ELEMENTS"
    },
    {
      "text": "Forms",
      "href": "#forms",
      "icon": "icon-note",
      "submenu": [
        {"text": "Standard",   "href": "form-standard.html", "translate": "sidebar.nav.form.STANDARD" },
        {"text": "Extended",   "href": "form-extended.html", "translate": "sidebar.nav.form.EXTENDED" },
        {"text": "Validation", "href": "form-validation.html", "translate": "sidebar.nav.form.VALIDATION" },
        {"text": "Wizard", "href": "form-wizard.html" },
        {"text": "Upload", "href": "form-upload.html" },
        {"text": "xEditable", "href": "form-xeditable.html" },
        {"text": "Cropper", "href": "form-imagecrop.html" }
      ],
      "translate": "sidebar.nav.form.FORM"
    },
    {
      "text": "Charts",
      "href": "#charts",
      "icon": "icon-graph",
      "submenu": [
        { "text": "Flot",   "href": "chart-flot.html", "translate": "sidebar.nav.chart.FLOT" },
        { "text": "Radial", "href": "chart-radial.html", "translate": "sidebar.nav.chart.RADIAL" },
        { "text": "Chart JS", "href": "chart-js.html"},
        { "text": "Rickshaw", "href": "chart-rickshaw.html" },
        { "text": "MorrisJS", "href": "chart-morris.html" },
        { "text": "Chartist", "href": "chart-chartist.html" }
      ],
      "translate": "sidebar.nav.chart.CHART"
    },
    {
      "text": "Tables",
      "href": "#tables",
      "icon": "icon-grid",
      "submenu": [
        { "text": "Standard",   "href": "table-standard.html", "translate": "sidebar.nav.table.STANDARD" },
        { "text": "Extended",   "href": "table-extended.html", "translate": "sidebar.nav.table.EXTENDED" },
        { "text": "DataTables", "href": "table-datatable.html", "translate": "sidebar.nav.table.DATATABLE" },
        { "text": "jqGrid",     "href": "table-jqgrid.html" }
      ],
      "translate": "sidebar.nav.table.TABLE"
    },
    {
      "text": "Maps",
      "href": "#maps",
      "icon": "icon-map",
      "submenu": [
        {"text": "Google Maps",   "href": "maps-google.html", "translate": "sidebar.nav.map.GOOGLE" },
        {"text": "Vector Maps",   "href": "maps-vector.html", "translate": "sidebar.nav.map.VECTOR" }
      ],
      "translate": "sidebar.nav.map.MAP"
    },
    {
      "text": "More",
      "heading": "true",
      "translate": "sidebar.heading.MORE"
    },
    {
      "text": "Pages",
      "href": "#pages",
      "icon": "icon-doc",
      "submenu": [
        { "text": "Login",            "href": "login.html", "translate": "sidebar.nav.pages.LOGIN" },
        { "text": "Sign up",          "href": "register.html", "translate": "sidebar.nav.pages.REGISTER" },
        { "text": "Recover Password", "href": "recover.html", "translate": "sidebar.nav.pages.RECOVER" },
        { "text": "Lock",             "href": "lock.html", "translate": "sidebar.nav.pages.LOCK" },
        { "text": "Starter Template", "href": "template.html", "translate": "sidebar.nav.pages.STARTER" },
        { "text": "404",              "href": "404.html" },
        { "text": "500",              "href": "500.html" },
        { "text": "Maintenance",      "href": "maintenance.html" }
      ],
      "translate": "sidebar.nav.pages.PAGES"
    },
    {
      "text": "Extras",
      "href": "#extras",
      "icon": "icon-cup",
      "submenu": [
        {
          "text": "Blog",
          "href": "#blog",
          "icon": "fa fa-angle-right",
          "submenu": [
            { "text": "List",         "href": "blog.html"},
            { "text": "Post",         "href": "blog-post.html"},
            { "text": "Articles",     "href": "blog-articles.html"},
            { "text": "Article View", "href": "blog-article-view.html"}
          ]
        },
        {
          "text": "eCommerce",
          "href": "#ecommerce",
          "icon": "fa fa-angle-right",
          "submenu": [
            { "text": "Orders",       "href": "ecommerce-orders.html", "alert": "10", "label": "label label-info"},
            { "text": "Order View",   "href": "ecommerce-order-view.html"},
            { "text": "Products",     "href": "ecommerce-products.html"},
            { "text": "Product View", "href": "ecommerce-product-view.html"},
            { "text": "Checkout",     "href": "ecommerce-checkout.html"}
          ]
        },
        {
          "text": "Forum",
          "href": "#forum",
          "icon": "fa fa-angle-right",
          "submenu": [
            { "text": "Categories",   "href": "forum-categories.html"},
            { "text": "Topics",       "href": "forum-topics.html"},
            { "text": "Discussion",   "href": "forum-discussion.html"}
          ]
        },
        { "text": "Contacts",           "href": "contacts.html"},
        { "text": "Contact details",    "href": "contact-details.html"},
        { "text": "Projects",           "href": "projects.html"},
        { "text": "Projects details",   "href": "project-details.html"},
        { "text": "Team viewer",        "href": "team-viewer.html"},
        { "text": "Social board",       "href": "social-board.html"},
        { "text": "Vote links",         "href": "vote-links.html"},
        { "text": "Bug tracker",        "href": "bug-tracker.html"},
        { "text": "FAQ",                "href": "faq.html"},
        { "text": "Help Center",        "href": "help-center.html"},
        { "text": "Followers",          "href": "followers.html"},
        { "text": "Settings",           "href": "settings.html"},
        { "text": "Plans",              "href": "plans.html"},
        { "text": "File manager",       "href": "file-manager.html"},
        { "text": "Mailbox",            "href": "mailbox.html", "translate": "sidebar.nav.extra.MAILBOX" },
        { "text": "Timeline",           "href": "timeline.html", "translate": "sidebar.nav.extra.TIMELINE" },
        { "text": "Calendar",           "href": "calendar.html", "translate": "sidebar.nav.extra.CALENDAR" },
        { "text": "Invoice",            "href": "invoice.html", "translate": "sidebar.nav.extra.INVOICE" },
        { "text": "Search",             "href": "search.html", "translate": "sidebar.nav.extra.SEARCH" },
        { "text": "Todo List",          "href": "todo.html", "translate": "sidebar.nav.extra.TODO" },
        { "text": "Profile",            "href": "profile.html", "translate": "sidebar.nav.extra.PROFILE" }
      ],
      "translate": "sidebar.nav.extra.EXTRA"
    },
    {
      "text": "Multilevel",
      "icon": "fa fa-folder-open-o",
      "href": "#multilevel",
      "submenu": [
        {
          "text": "Level 1",
          "href": "#level1",
          "submenu": [
            {"text": "Level1 Item", "href": "multilevel-1.html" },
            {
              "text": "Level 2",
              "href": "#level2",
              "submenu": [
                {
                  "text": "Level 3",
                  "href": "#level3",
                  "submenu": [
                    { "text": "Level3 Item", "href": "multilevel-3.html" }
                  ]
                }
              ]
            }
          ]
        }
      ]
    },
    {
      "text": "Documentation",
      "href": "documentation.html",
      "icon": "icon-graduation",
      "translate": "sidebar.nav.DOCUMENTATION"
    }
  ]
}